ts,machine_id,serial,roundness_um
2026-09-01T08:03:00,M01,M0100001,6.145
2026-09-01T08:13:00,M01,M0100002,5.938
2026-09-01T08:23:00,M01,M0100003,6.226
2026-09-01T08:33:00,M01,M0100004,6.304
2026-09-01T08:43:00,M01,M0100005,6.217
2026-09-01T08:53:00,M01,M0100006,6.495
2026-09-01T09:03:00,M01,M0100007,6.169
2026-09-01T09:13:00,M01,M0100008,6.390
2026-09-01T09:23:00,M01,M0100009,6.414
2026-09-01T09:33:00,M01,M0100010,6.376
2026-09-01T09:43:00,M01,M0100011,6.179
2026-09-01T09:53:00,M01,M0100012,6.405
2026-09-01T10:03:00,M01,M0100013,6.607
2026-09-01T10:13:00,M01,M0100014,6.215
2026-09-01T10:23:00,M01,M0100015,6.636
2026-09-01T10:33:00,M01,M0100016,6.004
2026-09-01T10:43:00,M01,M0100017,6.134
2026-09-01T10:53:00,M01,M0100018,6.068
2026-09-01T11:03:00,M01,M0100019,6.340
2026-09-01T11:13:00,M01,M0100020,6.126
2026-09-01T11:23:00,M01,M0100021,6.497
2026-09-01T11:33:00,M01,M0100022,6.747
2026-09-01T11:43:00,M01,M0100023,6.175
2026-09-01T11:53:00,M01,M0100024,6.411
2026-09-01T12:03:00,M01,M0100025,6.134
2026-09-01T12:13:00,M01,M0100026,6.317
2026-09-01T12:23:00,M01,M0100027,6.113
2026-09-01T12:33:00,M01,M0100028,6.273
2026-09-01T12:43:00,M01,M0100029,6.456
2026-09-01T12:53:00,M01,M0100030,6.536
2026-09-01T13:03:00,M01,M0100031,6.367
2026-09-01T13:13:00,M01,M0100032,6.384
2026-09-01T13:23:00,M01,M0100033,6.502
2026-09-01T13:33:00,M01,M0100034,6.554
2026-09-01T13:43:00,M01,M0100035,6.338
2026-09-01T13:53:00,M01,M0100036,6.563
2026-09-01T14:03:00,M01,M0100037,6.160
2026-09-01T14:13:00,M01,M0100038,6.544
2026-09-01T14:23:00,M01,M0100039,6.717
2026-09-01T14:33:00,M01,M0100040,6.447
2026-09-01T14:43:00,M01,M0100041,6.340
2026-09-01T14:53:00,M01,M0100042,6.294
2026-09-01T15:03:00,M01,M0100043,6.431
2026-09-01T15:13:00,M01,M0100044,6.017
2026-09-01T15:23:00,M01,M0100045,6.390
2026-09-01T15:33:00,M01,M0100046,6.422
2026-09-01T15:43:00,M01,M0100047,6.263
2026-09-01T15:53:00,M01,M0100048,6.680
2026-09-01T16:03:00,M01,M0100049,6.124
2026-09-01T16:13:00,M01,M0100050,6.123
2026-09-01T16:23:00,M01,M0100051,5.965
2026-09-01T16:33:00,M01,M0100052,6.310
2026-09-01T16:43:00,M01,M0100053,6.409
2026-09-01T16:53:00,M01,M0100054,6.640
2026-09-01T17:03:00,M01,M0100055,6.237
2026-09-01T17:13:00,M01,M0100056,6.488
2026-09-01T17:23:00,M01,M0100057,6.413
2026-09-01T17:33:00,M01,M0100058,6.632
2026-09-01T17:43:00,M01,M0100059,6.447
2026-09-01T17:53:00,M01,M0100060,6.170
2026-09-01T18:03:00,M01,M0100061,6.533
2026-09-01T18:13:00,M01,M0100062,6.723
2026-09-01T18:23:00,M01,M0100063,6.474
2026-09-01T18:33:00,M01,M0100064,6.337
2026-09-01T18:43:00,M01,M0100065,6.605
2026-09-01T18:53:00,M01,M0100066,6.544
2026-09-01T19:03:00,M01,M0100067,6.390
2026-09-01T19:13:00,M01,M0100068,6.438
2026-09-01T19:23:00,M01,M0100069,6.434
2026-09-01T19:33:00,M01,M0100070,6.221
2026-09-01T19:43:00,M01,M0100071,6.626
2026-09-01T19:53:00,M01,M0100072,6.440
2026-09-01T20:03:00,M01,M0100073,6.393
2026-09-01T20:13:00,M01,M0100074,6.829
2026-09-01T20:23:00,M01,M0100075,6.396
2026-09-01T20:33:00,M01,M0100076,6.385
2026-09-01T20:43:00,M01,M0100077,6.582
2026-09-01T20:53:00,M01,M0100078,6.506
2026-09-01T21:03:00,M01,M0100079,6.693
2026-09-01T21:13:00,M01,M0100080,6.508
2026-09-01T21:23:00,M01,M0100081,6.461
2026-09-01T21:33:00,M01,M0100082,6.328
2026-09-01T21:43:00,M01,M0100083,6.474
2026-09-01T21:53:00,M01,M0100084,6.686
2026-09-01T22:03:00,M01,M0100085,6.681
2026-09-01T22:13:00,M01,M0100086,6.619
2026-09-01T22:23:00,M01,M0100087,6.483
2026-09-01T22:33:00,M01,M0100088,6.779
2026-09-01T22:43:00,M01,M0100089,6.340
2026-09-01T22:53:00,M01,M0100090,6.352
2026-09-01T23:03:00,M01,M0100091,6.410
2026-09-01T23:13:00,M01,M0100092,6.444
2026-09-01T23:23:00,M01,M0100093,6.547
2026-09-01T23:33:00,M01,M0100094,6.647
2026-09-01T23:43:00,M01,M0100095,6.512
2026-09-01T23:53:00,M01,M0100096,6.667
2026-09-02T00:03:00,M01,M0100097,6.174
2026-09-02T00:13:00,M01,M0100098,6.174
2026-09-02T00:23:00,M01,M0100099,6.017
2026-09-02T00:33:00,M01,M0100100,6.291
2026-09-02T00:43:00,M01,M0100101,6.341
2026-09-02T00:53:00,M01,M0100102,6.309
2026-09-02T01:03:00,M01,M0100103,6.059
2026-09-02T01:13:00,M01,M0100104,6.611
2026-09-02T01:23:00,M01,M0100105,6.700
2026-09-02T01:33:00,M01,M0100106,6.030
2026-09-02T01:43:00,M01,M0100107,6.646
2026-09-02T01:53:00,M01,M0100108,6.429
2026-09-02T02:03:00,M01,M0100109,6.701
2026-09-02T02:13:00,M01,M0100110,6.346
2026-09-02T02:23:00,M01,M0100111,5.994
2026-09-02T02:33:00,M01,M0100112,6.224
2026-09-02T02:43:00,M01,M0100113,6.494
2026-09-02T02:53:00,M01,M0100114,6.561
2026-09-02T03:03:00,M01,M0100115,6.344
2026-09-02T03:13:00,M01,M0100116,6.665
2026-09-02T03:23:00,M01,M0100117,6.186
2026-09-02T03:33:00,M01,M0100118,6.822
2026-09-02T03:43:00,M01,M0100119,6.423
2026-09-02T03:53:00,M01,M0100120,6.270
2026-09-02T04:03:00,M01,M0100121,6.525
2026-09-02T04:13:00,M01,M0100122,6.408
2026-09-02T04:23:00,M01,M0100123,6.650
2026-09-02T04:33:00,M01,M0100124,6.483
2026-09-02T04:43:00,M01,M0100125,6.336
2026-09-02T04:53:00,M01,M0100126,6.544
2026-09-02T05:03:00,M01,M0100127,6.315
2026-09-02T05:13:00,M01,M0100128,6.236
2026-09-02T05:23:00,M01,M0100129,6.371
2026-09-02T05:33:00,M01,M0100130,6.389
2026-09-02T05:43:00,M01,M0100131,6.641
2026-09-02T05:53:00,M01,M0100132,6.659
2026-09-02T06:03:00,M01,M0100133,6.612
2026-09-02T06:13:00,M01,M0100134,6.581
2026-09-02T06:23:00,M01,M0100135,6.144
2026-09-02T06:33:00,M01,M0100136,6.447
2026-09-02T06:43:00,M01,M0100137,6.703
2026-09-02T06:53:00,M01,M0100138,6.354
2026-09-02T07:03:00,M01,M0100139,6.211
2026-09-02T07:13:00,M01,M0100140,6.462
2026-09-02T07:23:00,M01,M0100141,6.663
2026-09-02T07:33:00,M01,M0100142,6.038
2026-09-02T07:43:00,M01,M0100143,6.411
2026-09-02T07:53:00,M01,M0100144,6.218
2026-09-02T08:03:00,M01,M0100145,6.182
2026-09-02T08:13:00,M01,M0100146,6.010
2026-09-02T08:23:00,M01,M0100147,6.060
2026-09-02T08:33:00,M01,M0100148,6.437
2026-09-02T08:43:00,M01,M0100149,6.422
2026-09-02T08:53:00,M01,M0100150,6.337
2026-09-02T09:03:00,M01,M0100151,6.228
2026-09-02T09:13:00,M01,M0100152,6.305
2026-09-02T09:23:00,M01,M0100153,6.508
2026-09-02T09:33:00,M01,M0100154,6.337
2026-09-02T09:43:00,M01,M0100155,6.551
2026-09-02T09:53:00,M01,M0100156,6.529
2026-09-02T10:03:00,M01,M0100157,6.439
2026-09-02T10:13:00,M01,M0100158,6.423
2026-09-02T10:23:00,M01,M0100159,6.356
2026-09-02T10:33:00,M01,M0100160,6.542
2026-09-02T10:43:00,M01,M0100161,6.555
2026-09-02T10:53:00,M01,M0100162,6.179
2026-09-02T11:03:00,M01,M0100163,6.487
2026-09-02T11:13:00,M01,M0100164,6.442
2026-09-02T11:23:00,M01,M0100165,6.300
2026-09-02T11:33:00,M01,M0100166,6.247
2026-09-02T11:43:00,M01,M0100167,6.398
2026-09-02T11:53:00,M01,M0100168,6.676
2026-09-02T12:03:00,M01,M0100169,6.246
2026-09-02T12:13:00,M01,M0100170,6.507
2026-09-02T12:23:00,M01,M0100171,6.446
2026-09-02T12:33:00,M01,M0100172,6.378
2026-09-02T12:43:00,M01,M0100173,6.149
2026-09-02T12:53:00,M01,M0100174,5.892
2026-09-02T13:03:00,M01,M0100175,6.372
2026-09-02T13:13:00,M01,M0100176,6.203
2026-09-02T13:23:00,M01,M0100177,6.406
2026-09-02T13:33:00,M01,M0100178,6.415
2026-09-02T13:43:00,M01,M0100179,6.529
2026-09-02T13:53:00,M01,M0100180,6.294
2026-09-02T14:03:00,M01,M0100181,6.383
2026-09-02T14:13:00,M01,M0100182,6.173
2026-09-02T14:23:00,M01,M0100183,6.375
2026-09-02T14:33:00,M01,M0100184,6.634
2026-09-02T14:43:00,M01,M0100185,6.332
2026-09-02T14:53:00,M01,M0100186,6.276
2026-09-02T15:03:00,M01,M0100187,6.118
2026-09-02T15:13:00,M01,M0100188,6.364
2026-09-02T15:23:00,M01,M0100189,6.594
2026-09-02T15:33:00,M01,M0100190,6.169
2026-09-02T15:43:00,M01,M0100191,6.310
2026-09-02T15:53:00,M01,M0100192,6.268
2026-09-02T16:03:00,M01,M0100193,5.683
2026-09-02T16:13:00,M01,M0100194,6.344
2026-09-02T16:23:00,M01,M0100195,6.352
2026-09-02T16:33:00,M01,M0100196,6.296
2026-09-02T16:43:00,M01,M0100197,6.187
2026-09-02T16:53:00,M01,M0100198,6.245
2026-09-02T17:03:00,M01,M0100199,6.232
2026-09-02T17:13:00,M01,M0100200,6.615
2026-09-02T17:23:00,M01,M0100201,6.309
2026-09-02T17:33:00,M01,M0100202,6.587
2026-09-02T17:43:00,M01,M0100203,6.820
2026-09-02T17:53:00,M01,M0100204,6.353
2026-09-02T18:03:00,M01,M0100205,6.458
2026-09-02T18:13:00,M01,M0100206,6.401
2026-09-02T18:23:00,M01,M0100207,6.178
2026-09-02T18:33:00,M01,M0100208,6.368
2026-09-02T18:43:00,M01,M0100209,6.456
2026-09-02T18:53:00,M01,M0100210,6.450
2026-09-02T19:03:00,M01,M0100211,6.408
2026-09-02T19:13:00,M01,M0100212,6.259
2026-09-02T19:23:00,M01,M0100213,6.586
2026-09-02T19:33:00,M01,M0100214,6.394
2026-09-02T19:43:00,M01,M0100215,6.439
2026-09-02T19:53:00,M01,M0100216,6.504
2026-09-02T20:03:00,M01,M0100217,6.621
2026-09-02T20:13:00,M01,M0100218,6.214
2026-09-02T20:23:00,M01,M0100219,6.645
2026-09-02T20:33:00,M01,M0100220,6.041
2026-09-02T20:43:00,M01,M0100221,6.426
2026-09-02T20:53:00,M01,M0100222,6.669
2026-09-02T21:03:00,M01,M0100223,6.646
2026-09-02T21:13:00,M01,M0100224,6.461
2026-09-02T21:23:00,M01,M0100225,6.480
2026-09-02T21:33:00,M01,M0100226,6.255
2026-09-02T21:43:00,M01,M0100227,6.516
2026-09-02T21:53:00,M01,M0100228,6.204
2026-09-02T22:03:00,M01,M0100229,6.211
2026-09-02T22:13:00,M01,M0100230,6.325
2026-09-02T22:23:00,M01,M0100231,6.379
2026-09-02T22:33:00,M01,M0100232,6.337
2026-09-02T22:43:00,M01,M0100233,6.443
2026-09-02T22:53:00,M01,M0100234,6.081
2026-09-02T23:03:00,M01,M0100235,6.282
2026-09-02T23:13:00,M01,M0100236,6.525
2026-09-02T23:23:00,M01,M0100237,6.360
2026-09-02T23:33:00,M01,M0100238,7.119
2026-09-02T23:43:00,M01,M0100239,6.480
2026-09-02T23:53:00,M01,M0100240,6.020
2026-09-03T00:03:00,M01,M0100241,6.407
2026-09-03T00:13:00,M01,M0100242,6.040
2026-09-03T00:23:00,M01,M0100243,6.159
2026-09-03T00:33:00,M01,M0100244,6.132
2026-09-03T00:43:00,M01,M0100245,6.289
2026-09-03T00:53:00,M01,M0100246,6.270
2026-09-03T01:03:00,M01,M0100247,6.461
2026-09-03T01:13:00,M01,M0100248,6.513
2026-09-03T01:23:00,M01,M0100249,6.282
2026-09-03T01:33:00,M01,M0100250,6.441
2026-09-03T01:43:00,M01,M0100251,6.436
2026-09-03T01:53:00,M01,M0100252,6.500
2026-09-03T02:03:00,M01,M0100253,6.692
2026-09-03T02:13:00,M01,M0100254,6.373
2026-09-03T02:23:00,M01,M0100255,6.363
2026-09-03T02:33:00,M01,M0100256,6.391
2026-09-03T02:43:00,M01,M0100257,6.349
2026-09-03T02:53:00,M01,M0100258,6.450
2026-09-03T03:03:00,M01,M0100259,6.393
2026-09-03T03:13:00,M01,M0100260,6.595
2026-09-03T03:23:00,M01,M0100261,6.445
2026-09-03T03:33:00,M01,M0100262,6.429
2026-09-03T03:43:00,M01,M0100263,6.142
2026-09-03T03:53:00,M01,M0100264,6.343
2026-09-03T04:03:00,M01,M0100265,6.422
2026-09-03T04:13:00,M01,M0100266,6.521
2026-09-03T04:23:00,M01,M0100267,6.402
2026-09-03T04:33:00,M01,M0100268,6.543
2026-09-03T04:43:00,M01,M0100269,6.606
2026-09-03T04:53:00,M01,M0100270,6.363
2026-09-03T05:03:00,M01,M0100271,6.257
2026-09-03T05:13:00,M01,M0100272,6.488
2026-09-03T05:23:00,M01,M0100273,6.445
2026-09-03T05:33:00,M01,M0100274,6.135
2026-09-03T05:43:00,M01,M0100275,6.330
2026-09-03T05:53:00,M01,M0100276,6.283
2026-09-03T06:03:00,M01,M0100277,6.419
2026-09-03T06:13:00,M01,M0100278,6.451
2026-09-03T06:23:00,M01,M0100279,6.571
2026-09-03T06:33:00,M01,M0100280,6.403
2026-09-03T06:43:00,M01,M0100281,6.199
2026-09-03T06:53:00,M01,M0100282,6.541
2026-09-03T07:03:00,M01,M0100283,6.159
2026-09-03T07:13:00,M01,M0100284,6.436
2026-09-03T07:23:00,M01,M0100285,6.582
2026-09-03T07:33:00,M01,M0100286,6.505
2026-09-03T07:43:00,M01,M0100287,6.516
2026-09-03T07:53:00,M01,M0100288,6.110
2026-09-03T08:03:00,M01,M0100289,5.867
2026-09-03T08:13:00,M01,M0100290,5.883
2026-09-03T08:23:00,M01,M0100291,6.274
2026-09-03T08:33:00,M01,M0100292,6.320
2026-09-03T08:43:00,M01,M0100293,6.021
2026-09-03T08:53:00,M01,M0100294,6.477
2026-09-03T09:03:00,M01,M0100295,6.351
2026-09-03T09:13:00,M01,M0100296,6.036
2026-09-03T09:23:00,M01,M0100297,6.416
2026-09-03T09:33:00,M01,M0100298,6.496
2026-09-03T09:43:00,M01,M0100299,6.383
2026-09-03T09:53:00,M01,M0100300,6.454
2026-09-03T10:03:00,M01,M0100301,6.583
2026-09-03T10:13:00,M01,M0100302,6.360
2026-09-03T10:23:00,M01,M0100303,6.368
2026-09-03T10:33:00,M01,M0100304,6.278
2026-09-03T10:43:00,M01,M0100305,6.661
2026-09-03T10:53:00,M01,M0100306,6.429
2026-09-03T11:03:00,M01,M0100307,6.264
2026-09-03T11:13:00,M01,M0100308,6.556
2026-09-03T11:23:00,M01,M0100309,6.094
2026-09-03T11:33:00,M01,M0100310,6.484
2026-09-03T11:43:00,M01,M0100311,6.204
2026-09-03T11:53:00,M01,M0100312,6.405
2026-09-03T12:03:00,M01,M0100313,6.571
2026-09-03T12:13:00,M01,M0100314,6.646
2026-09-03T12:23:00,M01,M0100315,6.650
2026-09-03T12:33:00,M01,M0100316,6.202
2026-09-03T12:43:00,M01,M0100317,6.280
2026-09-03T12:53:00,M01,M0100318,6.533
2026-09-03T13:03:00,M01,M0100319,6.359
2026-09-03T13:13:00,M01,M0100320,6.549
2026-09-03T13:23:00,M01,M0100321,6.802
2026-09-03T13:33:00,M01,M0100322,6.505
2026-09-03T13:43:00,M01,M0100323,6.365
2026-09-03T13:53:00,M01,M0100324,6.716
2026-09-03T14:03:00,M01,M0100325,6.729
2026-09-03T14:13:00,M01,M0100326,6.490
2026-09-03T14:23:00,M01,M0100327,6.250
2026-09-03T14:33:00,M01,M0100328,6.260
2026-09-03T14:43:00,M01,M0100329,6.387
2026-09-03T14:53:00,M01,M0100330,6.187
2026-09-03T15:03:00,M01,M0100331,6.572
2026-09-03T15:13:00,M01,M0100332,6.213
2026-09-03T15:23:00,M01,M0100333,6.603
2026-09-03T15:33:00,M01,M0100334,6.524
2026-09-03T15:43:00,M01,M0100335,6.353
2026-09-03T15:53:00,M01,M0100336,6.383
2026-09-03T16:03:00,M01,M0100337,6.237
2026-09-03T16:13:00,M01,M0100338,6.097
2026-09-03T16:23:00,M01,M0100339,6.237
2026-09-03T16:33:00,M01,M0100340,6.349
2026-09-03T16:43:00,M01,M0100341,6.062
2026-09-03T16:53:00,M01,M0100342,6.548
2026-09-03T17:03:00,M01,M0100343,6.043
2026-09-03T17:13:00,M01,M0100344,6.540
2026-09-03T17:23:00,M01,M0100345,6.378
2026-09-03T17:33:00,M01,M0100346,6.467
2026-09-03T17:43:00,M01,M0100347,6.544
2026-09-03T17:53:00,M01,M0100348,6.138
2026-09-03T18:03:00,M01,M0100349,6.488
2026-09-03T18:13:00,M01,M0100350,6.720
2026-09-03T18:23:00,M01,M0100351,6.594
2026-09-03T18:33:00,M01,M0100352,6.272
2026-09-03T18:43:00,M01,M0100353,6.460
2026-09-03T18:53:00,M01,M0100354,6.322
2026-09-03T19:03:00,M01,M0100355,6.287
2026-09-03T19:13:00,M01,M0100356,6.493
2026-09-03T19:23:00,M01,M0100357,6.644
2026-09-03T19:33:00,M01,M0100358,6.591
2026-09-03T19:43:00,M01,M0100359,6.221
2026-09-03T19:53:00,M01,M0100360,6.358
2026-09-03T20:03:00,M01,M0100361,6.266
2026-09-03T20:13:00,M01,M0100362,6.556
2026-09-03T20:23:00,M01,M0100363,6.633
2026-09-03T20:33:00,M01,M0100364,6.261
2026-09-03T20:43:00,M01,M0100365,6.369
2026-09-03T20:53:00,M01,M0100366,6.321
2026-09-03T21:03:00,M01,M0100367,6.310
2026-09-03T21:13:00,M01,M0100368,6.200
2026-09-03T21:23:00,M01,M0100369,6.066
2026-09-03T21:33:00,M01,M0100370,6.448
2026-09-03T21:43:00,M01,M0100371,6.374
2026-09-03T21:53:00,M01,M0100372,6.739
2026-09-03T22:03:00,M01,M0100373,6.538
2026-09-03T22:13:00,M01,M0100374,6.135
2026-09-03T22:23:00,M01,M0100375,6.035
2026-09-03T22:33:00,M01,M0100376,6.375
2026-09-03T22:43:00,M01,M0100377,6.320
2026-09-03T22:53:00,M01,M0100378,6.272
2026-09-03T23:03:00,M01,M0100379,6.162
2026-09-03T23:13:00,M01,M0100380,6.456
2026-09-03T23:23:00,M01,M0100381,6.337
2026-09-03T23:33:00,M01,M0100382,6.547
2026-09-03T23:43:00,M01,M0100383,6.383
2026-09-03T23:53:00,M01,M0100384,6.148
2026-09-04T00:03:00,M01,M0100385,5.921
2026-09-04T00:13:00,M01,M0100386,6.041
2026-09-04T00:23:00,M01,M0100387,6.246
2026-09-04T00:33:00,M01,M0100388,6.067
2026-09-04T00:43:00,M01,M0100389,5.961
2026-09-04T00:53:00,M01,M0100390,6.228
2026-09-04T01:03:00,M01,M0100391,6.296
2026-09-04T01:13:00,M01,M0100392,6.227
2026-09-04T01:23:00,M01,M0100393,6.268
2026-09-04T01:33:00,M01,M0100394,6.758
2026-09-04T01:43:00,M01,M0100395,6.467
2026-09-04T01:53:00,M01,M0100396,6.220
2026-09-04T02:03:00,M01,M0100397,6.218
2026-09-04T02:13:00,M01,M0100398,6.038
2026-09-04T02:23:00,M01,M0100399,6.654
2026-09-04T02:33:00,M01,M0100400,6.600
2026-09-04T02:43:00,M01,M0100401,6.624
2026-09-04T02:53:00,M01,M0100402,6.157
2026-09-04T03:03:00,M01,M0100403,6.617
2026-09-04T03:13:00,M01,M0100404,6.294
2026-09-04T03:23:00,M01,M0100405,6.514
2026-09-04T03:33:00,M01,M0100406,6.748
2026-09-04T03:43:00,M01,M0100407,6.292
2026-09-04T03:53:00,M01,M0100408,6.388
2026-09-04T04:03:00,M01,M0100409,6.193
2026-09-04T04:13:00,M01,M0100410,5.932
2026-09-04T04:23:00,M01,M0100411,6.494
2026-09-04T04:33:00,M01,M0100412,6.443
2026-09-04T04:43:00,M01,M0100413,6.180
2026-09-04T04:53:00,M01,M0100414,6.312
2026-09-04T05:03:00,M01,M0100415,6.377
2026-09-04T05:13:00,M01,M0100416,6.524
2026-09-04T05:23:00,M01,M0100417,6.351
2026-09-04T05:33:00,M01,M0100418,6.172
2026-09-04T05:43:00,M01,M0100419,6.344
2026-09-04T05:53:00,M01,M0100420,6.268
2026-09-04T06:03:00,M01,M0100421,6.292
2026-09-04T06:13:00,M01,M0100422,6.213
2026-09-04T06:23:00,M01,M0100423,6.337
2026-09-04T06:33:00,M01,M0100424,6.628
2026-09-04T06:43:00,M01,M0100425,6.379
2026-09-04T06:53:00,M01,M0100426,6.457
2026-09-04T07:03:00,M01,M0100427,6.223
2026-09-04T07:13:00,M01,M0100428,6.719
2026-09-04T07:23:00,M01,M0100429,6.351
2026-09-04T07:33:00,M01,M0100430,6.325
2026-09-04T07:43:00,M01,M0100431,6.240
2026-09-04T07:53:00,M01,M0100432,6.328
2026-09-04T08:03:00,M01,M0100433,5.998
2026-09-04T08:13:00,M01,M0100434,6.224
2026-09-04T08:23:00,M01,M0100435,6.265
2026-09-04T08:33:00,M01,M0100436,6.041
2026-09-04T08:43:00,M01,M0100437,6.249
2026-09-04T08:53:00,M01,M0100438,6.169
2026-09-04T09:03:00,M01,M0100439,6.558
2026-09-04T09:13:00,M01,M0100440,6.201
2026-09-04T09:23:00,M01,M0100441,6.313
2026-09-04T09:33:00,M01,M0100442,6.298
2026-09-04T09:43:00,M01,M0100443,6.154
2026-09-04T09:53:00,M01,M0100444,6.019
2026-09-04T10:03:00,M01,M0100445,6.224
2026-09-04T10:13:00,M01,M0100446,6.633
2026-09-04T10:23:00,M01,M0100447,5.945
2026-09-04T10:33:00,M01,M0100448,6.573
2026-09-04T10:43:00,M01,M0100449,6.165
2026-09-04T10:53:00,M01,M0100450,6.115
2026-09-04T11:03:00,M01,M0100451,6.226
2026-09-04T11:13:00,M01,M0100452,6.337
2026-09-04T11:23:00,M01,M0100453,6.389
2026-09-04T11:33:00,M01,M0100454,6.660
2026-09-04T11:43:00,M01,M0100455,6.270
2026-09-04T11:53:00,M01,M0100456,6.560
2026-09-04T12:03:00,M01,M0100457,6.393
2026-09-04T12:13:00,M01,M0100458,6.379
2026-09-04T12:23:00,M01,M0100459,6.261
2026-09-04T12:33:00,M01,M0100460,6.254
2026-09-04T12:43:00,M01,M0100461,6.628
2026-09-04T12:53:00,M01,M0100462,6.241
2026-09-04T13:03:00,M01,M0100463,6.394
2026-09-04T13:13:00,M01,M0100464,6.530
2026-09-04T13:23:00,M01,M0100465,6.584
2026-09-04T13:33:00,M01,M0100466,6.167
2026-09-04T13:43:00,M01,M0100467,6.480
2026-09-04T13:53:00,M01,M0100468,5.988
2026-09-04T14:03:00,M01,M0100469,6.413
2026-09-04T14:13:00,M01,M0100470,6.393
2026-09-04T14:23:00,M01,M0100471,6.247
2026-09-04T14:33:00,M01,M0100472,6.302
2026-09-04T14:43:00,M01,M0100473,6.702
2026-09-04T14:53:00,M01,M0100474,6.304
2026-09-04T15:03:00,M01,M0100475,6.427
2026-09-04T15:13:00,M01,M0100476,6.404
2026-09-04T15:23:00,M01,M0100477,6.489
2026-09-04T15:33:00,M01,M0100478,6.549
2026-09-04T15:43:00,M01,M0100479,6.252
2026-09-04T15:53:00,M01,M0100480,6.495
2026-09-04T16:03:00,M01,M0100481,6.194
2026-09-04T16:13:00,M01,M0100482,6.211
2026-09-04T16:23:00,M01,M0100483,6.112
2026-09-04T16:33:00,M01,M0100484,6.065
2026-09-04T16:43:00,M01,M0100485,6.392
2026-09-04T16:53:00,M01,M0100486,6.589
2026-09-04T17:03:00,M01,M0100487,6.550
2026-09-04T17:13:00,M01,M0100488,6.232
2026-09-04T17:23:00,M01,M0100489,6.343
2026-09-04T17:33:00,M01,M0100490,6.315
2026-09-04T17:43:00,M01,M0100491,6.147
2026-09-04T17:53:00,M01,M0100492,6.006
2026-09-04T18:03:00,M01,M0100493,6.164
2026-09-04T18:13:00,M01,M0100494,6.450
2026-09-04T18:23:00,M01,M0100495,6.424
2026-09-04T18:33:00,M01,M0100496,6.319
2026-09-04T18:43:00,M01,M0100497,6.201
2026-09-04T18:53:00,M01,M0100498,6.467
2026-09-04T19:03:00,M01,M0100499,6.243
2026-09-04T19:13:00,M01,M0100500,6.228
2026-09-04T19:23:00,M01,M0100501,6.480
2026-09-04T19:33:00,M01,M0100502,6.153
2026-09-04T19:43:00,M01,M0100503,6.451
2026-09-04T19:53:00,M01,M0100504,6.523
2026-09-04T20:03:00,M01,M0100505,6.295
2026-09-04T20:13:00,M01,M0100506,6.589
2026-09-04T20:23:00,M01,M0100507,6.295
2026-09-04T20:33:00,M01,M0100508,6.476
2026-09-04T20:43:00,M01,M0100509,6.362
2026-09-04T20:53:00,M01,M0100510,6.309
2026-09-04T21:03:00,M01,M0100511,6.619
2026-09-04T21:13:00,M01,M0100512,5.856
2026-09-04T21:23:00,M01,M0100513,6.048
2026-09-04T21:33:00,M01,M0100514,6.421
2026-09-04T21:43:00,M01,M0100515,6.347
2026-09-04T21:53:00,M01,M0100516,6.241
2026-09-04T22:03:00,M01,M0100517,6.561
2026-09-04T22:13:00,M01,M0100518,6.503
2026-09-04T22:23:00,M01,M0100519,6.656
2026-09-04T22:33:00,M01,M0100520,6.363
2026-09-04T22:43:00,M01,M0100521,6.541
2026-09-04T22:53:00,M01,M0100522,6.281
2026-09-04T23:03:00,M01,M0100523,6.625
2026-09-04T23:13:00,M01,M0100524,6.038
2026-09-04T23:23:00,M01,M0100525,6.581
2026-09-04T23:33:00,M01,M0100526,6.740
2026-09-04T23:43:00,M01,M0100527,6.976
2026-09-04T23:53:00,M01,M0100528,7.018
2026-09-05T00:03:00,M01,M0100529,6.842
2026-09-05T00:13:00,M01,M0100530,7.195
2026-09-05T00:23:00,M01,M0100531,7.290
2026-09-05T00:33:00,M01,M0100532,7.515
2026-09-05T00:43:00,M01,M0100533,7.597
2026-09-05T00:53:00,M01,M0100534,7.984
2026-09-05T01:03:00,M01,M0100535,8.058
2026-09-05T01:13:00,M01,M0100536,8.387
2026-09-05T01:23:00,M01,M0100537,8.136
2026-09-05T01:33:00,M01,M0100538,8.763
2026-09-05T01:43:00,M01,M0100539,8.794
2026-09-05T01:53:00,M01,M0100540,8.835
2026-09-05T02:03:00,M01,M0100541,9.174
2026-09-05T02:13:00,M01,M0100542,9.207
2026-09-05T02:23:00,M01,M0100543,9.416
2026-09-05T02:33:00,M01,M0100544,9.262
2026-09-05T02:43:00,M01,M0100545,9.618
2026-09-05T02:53:00,M01,M0100546,10.113
2026-09-05T03:03:00,M01,M0100547,10.142
2026-09-05T03:13:00,M01,M0100548,10.149
2026-09-05T03:23:00,M01,M0100549,10.280
2026-09-05T03:33:00,M01,M0100550,10.680
2026-09-05T03:43:00,M01,M0100551,10.511
2026-09-05T03:53:00,M01,M0100552,10.616
2026-09-05T04:03:00,M01,M0100553,10.564
2026-09-05T04:13:00,M01,M0100554,10.757
2026-09-05T04:23:00,M01,M0100555,11.274
2026-09-05T04:33:00,M01,M0100556,11.623
2026-09-05T04:43:00,M01,M0100557,11.386
2026-09-05T04:53:00,M01,M0100558,11.617
2026-09-05T05:03:00,M01,M0100559,11.836
2026-09-05T05:13:00,M01,M0100560,11.530
2026-09-05T05:23:00,M01,M0100561,12.160
2026-09-05T05:33:00,M01,M0100562,12.284
2026-09-05T05:43:00,M01,M0100563,12.483
2026-09-05T05:53:00,M01,M0100564,12.471
2026-09-05T06:03:00,M01,M0100565,12.378
2026-09-05T06:13:00,M01,M0100566,12.876
2026-09-05T06:23:00,M01,M0100567,12.877
2026-09-05T06:33:00,M01,M0100568,12.840
2026-09-05T06:43:00,M01,M0100569,13.206
2026-09-05T06:53:00,M01,M0100570,13.167
2026-09-05T07:03:00,M01,M0100571,13.654
2026-09-05T07:13:00,M01,M0100572,13.812
2026-09-05T07:23:00,M01,M0100573,13.867
2026-09-05T07:33:00,M01,M0100574,14.005
2026-09-05T07:43:00,M01,M0100575,14.020
2026-09-05T07:53:00,M01,M0100576,14.381
2026-09-05T08:03:00,M01,M0100577,14.120
2026-09-05T08:13:00,M01,M0100578,14.385
2026-09-05T08:23:00,M01,M0100579,14.594
2026-09-05T08:33:00,M01,M0100580,15.188
2026-09-05T08:43:00,M01,M0100581,14.991
2026-09-05T08:53:00,M01,M0100582,14.937
2026-09-05T09:03:00,M01,M0100583,15.426
2026-09-05T09:13:00,M01,M0100584,15.168
2026-09-05T09:23:00,M01,M0100585,15.386
2026-09-05T09:33:00,M01,M0100586,16.139
2026-09-05T09:43:00,M01,M0100587,15.610
2026-09-05T09:53:00,M01,M0100588,16.152
2026-09-05T10:03:00,M01,M0100589,16.132
2026-09-05T10:13:00,M01,M0100590,16.247
2026-09-05T10:23:00,M01,M0100591,16.465
2026-09-05T10:33:00,M01,M0100592,16.980
2026-09-05T10:43:00,M01,M0100593,16.796
2026-09-05T10:53:00,M01,M0100594,17.347
2026-09-05T11:03:00,M01,M0100595,17.181
2026-09-05T11:13:00,M01,M0100596,17.292
2026-09-05T11:23:00,M01,M0100597,17.724
2026-09-05T11:33:00,M01,M0100598,17.573
2026-09-05T11:43:00,M01,M0100599,18.040
2026-09-05T11:53:00,M01,M0100600,17.961
2026-09-05T12:03:00,M01,M0100601,18.170
2026-09-05T12:13:00,M01,M0100602,18.166
2026-09-05T12:23:00,M01,M0100603,18.351
2026-09-05T12:33:00,M01,M0100604,18.360
2026-09-05T12:43:00,M01,M0100605,18.994
2026-09-05T12:53:00,M01,M0100606,19.246
2026-09-05T13:03:00,M01,M0100607,19.005
2026-09-05T13:13:00,M01,M0100608,19.033
2026-09-05T13:23:00,M01,M0100609,18.866
2026-09-05T13:33:00,M01,M0100610,19.286
2026-09-05T13:43:00,M01,M0100611,19.681
2026-09-05T13:53:00,M01,M0100612,19.267
2026-09-05T14:03:00,M01,M0100613,19.931
2026-09-05T14:13:00,M01,M0100614,20.406
2026-09-05T14:23:00,M01,M0100615,20.050
2026-09-05T14:33:00,M01,M0100616,20.243
2026-09-05T14:43:00,M01,M0100617,19.981
2026-09-05T14:53:00,M01,M0100618,20.570
2026-09-05T15:03:00,M01,M0100619,21.025
2026-09-05T15:13:00,M01,M0100620,20.598
2026-09-05T15:23:00,M01,M0100621,21.048
2026-09-05T15:33:00,M01,M0100622,21.382
2026-09-05T15:43:00,M01,M0100623,21.442
2026-09-05T15:53:00,M01,M0100624,21.744
2026-09-05T16:03:00,M01,M0100625,21.234
2026-09-05T16:13:00,M01,M0100626,21.563
2026-09-05T16:23:00,M01,M0100627,21.767
2026-09-05T16:33:00,M01,M0100628,21.860
2026-09-05T16:43:00,M01,M0100629,22.077
2026-09-05T16:53:00,M01,M0100630,22.328
2026-09-05T17:03:00,M01,M0100631,22.530
2026-09-05T17:13:00,M01,M0100632,22.773
2026-09-05T17:23:00,M01,M0100633,23.011
2026-09-05T17:33:00,M01,M0100634,23.167
2026-09-05T17:43:00,M01,M0100635,23.166
2026-09-05T17:53:00,M01,M0100636,23.332
2026-09-05T18:03:00,M01,M0100637,23.712
2026-09-05T18:13:00,M01,M0100638,23.735
2026-09-05T18:23:00,M01,M0100639,23.663
2026-09-05T18:33:00,M01,M0100640,23.892
2026-09-05T18:43:00,M01,M0100641,23.675
2026-09-05T18:53:00,M01,M0100642,24.455
2026-09-05T19:03:00,M01,M0100643,24.399
2026-09-05T19:13:00,M01,M0100644,24.562
2026-09-05T19:23:00,M01,M0100645,24.446
2026-09-05T19:33:00,M01,M0100646,25.080
2026-09-05T19:43:00,M01,M0100647,24.500
2026-09-05T19:53:00,M01,M0100648,25.345
2026-09-05T20:03:00,M01,M0100649,25.561
2026-09-05T20:13:00,M01,M0100650,25.302
2026-09-05T20:23:00,M01,M0100651,25.702
2026-09-05T20:33:00,M01,M0100652,26.162
2026-09-05T20:43:00,M01,M0100653,25.977
2026-09-05T20:53:00,M01,M0100654,26.115
2026-09-05T21:03:00,M01,M0100655,26.065
2026-09-05T21:13:00,M01,M0100656,26.336
2026-09-05T21:23:00,M01,M0100657,26.735
2026-09-05T21:33:00,M01,M0100658,26.769
2026-09-05T21:43:00,M01,M0100659,26.868
2026-09-05T21:53:00,M01,M0100660,27.014
2026-09-05T22:03:00,M01,M0100661,26.891
2026-09-05T22:13:00,M01,M0100662,27.359
2026-09-05T22:23:00,M01,M0100663,27.267
2026-09-05T22:33:00,M01,M0100664,27.727
2026-09-05T22:43:00,M01,M0100665,27.957
2026-09-05T22:53:00,M01,M0100666,27.569
2026-09-05T23:03:00,M01,M0100667,28.254
2026-09-05T23:13:00,M01,M0100668,27.832
2026-09-05T23:23:00,M01,M0100669,28.350
2026-09-05T23:33:00,M01,M0100670,28.859
2026-09-05T23:43:00,M01,M0100671,28.699
2026-09-05T23:53:00,M01,M0100672,28.373
2026-09-06T00:03:00,M01,M0100673,28.638
2026-09-06T00:13:00,M01,M0100674,28.893
2026-09-06T00:23:00,M01,M0100675,28.747
2026-09-06T00:33:00,M01,M0100676,29.166
2026-09-06T00:43:00,M01,M0100677,29.524
2026-09-06T00:53:00,M01,M0100678,29.575
2026-09-06T01:03:00,M01,M0100679,29.599
2026-09-06T01:13:00,M01,M0100680,29.986
2026-09-06T01:23:00,M01,M0100681,29.906
2026-09-06T01:33:00,M01,M0100682,30.384
2026-09-06T01:43:00,M01,M0100683,30.323
2026-09-06T01:53:00,M01,M0100684,30.456
2026-09-06T02:03:00,M01,M0100685,30.827
2026-09-06T02:13:00,M01,M0100686,30.523
2026-09-06T02:23:00,M01,M0100687,30.953
2026-09-06T02:33:00,M01,M0100688,31.263
2026-09-06T02:43:00,M01,M0100689,31.685
2026-09-06T02:53:00,M01,M0100690,31.377
2026-09-06T03:03:00,M01,M0100691,31.611
2026-09-06T03:13:00,M01,M0100692,31.790
2026-09-06T03:23:00,M01,M0100693,31.993
2026-09-06T03:33:00,M01,M0100694,31.681
2026-09-06T03:43:00,M01,M0100695,32.247
2026-09-06T03:53:00,M01,M0100696,32.426
2026-09-06T04:03:00,M01,M0100697,32.584
2026-09-06T04:13:00,M01,M0100698,32.768
2026-09-06T04:23:00,M01,M0100699,32.640
2026-09-06T04:33:00,M01,M0100700,33.067
2026-09-06T04:43:00,M01,M0100701,33.463
2026-09-06T04:53:00,M01,M0100702,32.972
2026-09-06T05:03:00,M01,M0100703,33.200
2026-09-06T05:13:00,M01,M0100704,33.350
2026-09-06T05:23:00,M01,M0100705,33.930
2026-09-06T05:33:00,M01,M0100706,33.823
2026-09-06T05:43:00,M01,M0100707,34.261
2026-09-06T05:53:00,M01,M0100708,34.144
2026-09-06T06:03:00,M01,M0100709,34.528
2026-09-06T06:13:00,M01,M0100710,34.689
2026-09-06T06:23:00,M01,M0100711,34.326
2026-09-06T06:33:00,M01,M0100712,35.003
2026-09-06T06:43:00,M01,M0100713,35.007
2026-09-06T06:53:00,M01,M0100714,34.769
2026-09-06T07:03:00,M01,M0100715,35.336
2026-09-06T07:13:00,M01,M0100716,35.177
2026-09-06T07:23:00,M01,M0100717,35.386
2026-09-06T07:33:00,M01,M0100718,35.716
2026-09-06T07:43:00,M01,M0100719,35.717
2026-09-06T07:53:00,M01,M0100720,36.269
2026-09-01T08:03:00,M02,M0200001,5.970
2026-09-01T08:13:00,M02,M0200002,6.453
2026-09-01T08:23:00,M02,M0200003,6.163
2026-09-01T08:33:00,M02,M0200004,6.492
2026-09-01T08:43:00,M02,M0200005,5.890
2026-09-01T08:53:00,M02,M0200006,6.456
2026-09-01T09:03:00,M02,M0200007,6.016
2026-09-01T09:13:00,M02,M0200008,6.535
2026-09-01T09:23:00,M02,M0200009,6.088
2026-09-01T09:33:00,M02,M0200010,6.410
2026-09-01T09:43:00,M02,M0200011,6.408
2026-09-01T09:53:00,M02,M0200012,6.310
2026-09-01T10:03:00,M02,M0200013,6.542
2026-09-01T10:13:00,M02,M0200014,6.228
2026-09-01T10:23:00,M02,M0200015,6.564
2026-09-01T10:33:00,M02,M0200016,6.324
2026-09-01T10:43:00,M02,M0200017,6.195
2026-09-01T10:53:00,M02,M0200018,6.338
2026-09-01T11:03:00,M02,M0200019,6.496
2026-09-01T11:13:00,M02,M0200020,6.837
2026-09-01T11:23:00,M02,M0200021,6.420
2026-09-01T11:33:00,M02,M0200022,6.683
2026-09-01T11:43:00,M02,M0200023,6.582
2026-09-01T11:53:00,M02,M0200024,6.390
2026-09-01T12:03:00,M02,M0200025,6.164
2026-09-01T12:13:00,M02,M0200026,6.536
2026-09-01T12:23:00,M02,M0200027,6.533
2026-09-01T12:33:00,M02,M0200028,6.437
2026-09-01T12:43:00,M02,M0200029,6.511
2026-09-01T12:53:00,M02,M0200030,6.178
2026-09-01T13:03:00,M02,M0200031,6.231
2026-09-01T13:13:00,M02,M0200032,6.031
2026-09-01T13:23:00,M02,M0200033,6.498
2026-09-01T13:33:00,M02,M0200034,6.062
2026-09-01T13:43:00,M02,M0200035,6.438
2026-09-01T13:53:00,M02,M0200036,6.238
2026-09-01T14:03:00,M02,M0200037,6.662
2026-09-01T14:13:00,M02,M0200038,6.534
2026-09-01T14:23:00,M02,M0200039,6.271
2026-09-01T14:33:00,M02,M0200040,6.624
2026-09-01T14:43:00,M02,M0200041,6.141
2026-09-01T14:53:00,M02,M0200042,6.565
2026-09-01T15:03:00,M02,M0200043,6.342
2026-09-01T15:13:00,M02,M0200044,6.738
2026-09-01T15:23:00,M02,M0200045,6.412
2026-09-01T15:33:00,M02,M0200046,6.257
2026-09-01T15:43:00,M02,M0200047,6.317
2026-09-01T15:53:00,M02,M0200048,6.575
2026-09-01T16:03:00,M02,M0200049,5.722
2026-09-01T16:13:00,M02,M0200050,5.884
2026-09-01T16:23:00,M02,M0200051,6.555
2026-09-01T16:33:00,M02,M0200052,5.964
2026-09-01T16:43:00,M02,M0200053,6.236
2026-09-01T16:53:00,M02,M0200054,6.275
2026-09-01T17:03:00,M02,M0200055,6.029
2026-09-01T17:13:00,M02,M0200056,6.270
2026-09-01T17:23:00,M02,M0200057,6.350
2026-09-01T17:33:00,M02,M0200058,6.258
2026-09-01T17:43:00,M02,M0200059,6.351
2026-09-01T17:53:00,M02,M0200060,6.226
2026-09-01T18:03:00,M02,M0200061,5.983
2026-09-01T18:13:00,M02,M0200062,6.486
2026-09-01T18:23:00,M02,M0200063,6.230
2026-09-01T18:33:00,M02,M0200064,5.956
2026-09-01T18:43:00,M02,M0200065,6.663
2026-09-01T18:53:00,M02,M0200066,6.269
2026-09-01T19:03:00,M02,M0200067,6.279
2026-09-01T19:13:00,M02,M0200068,6.623
2026-09-01T19:23:00,M02,M0200069,6.191
2026-09-01T19:33:00,M02,M0200070,6.208
2026-09-01T19:43:00,M02,M0200071,6.375
2026-09-01T19:53:00,M02,M0200072,6.230
2026-09-01T20:03:00,M02,M0200073,6.346
2026-09-01T20:13:00,M02,M0200074,6.111
2026-09-01T20:23:00,M02,M0200075,6.403
2026-09-01T20:33:00,M02,M0200076,6.364
2026-09-01T20:43:00,M02,M0200077,6.384
2026-09-01T20:53:00,M02,M0200078,6.367
2026-09-01T21:03:00,M02,M0200079,6.259
2026-09-01T21:13:00,M02,M0200080,6.568
2026-09-01T21:23:00,M02,M0200081,6.386
2026-09-01T21:33:00,M02,M0200082,6.607
2026-09-01T21:43:00,M02,M0200083,6.803
2026-09-01T21:53:00,M02,M0200084,6.304
2026-09-01T22:03:00,M02,M0200085,6.310
2026-09-01T22:13:00,M02,M0200086,6.390
2026-09-01T22:23:00,M02,M0200087,6.539
2026-09-01T22:33:00,M02,M0200088,6.447
2026-09-01T22:43:00,M02,M0200089,6.473
2026-09-01T22:53:00,M02,M0200090,6.219
2026-09-01T23:03:00,M02,M0200091,6.311
2026-09-01T23:13:00,M02,M0200092,6.185
2026-09-01T23:23:00,M02,M0200093,6.471
2026-09-01T23:33:00,M02,M0200094,6.475
2026-09-01T23:43:00,M02,M0200095,6.554
2026-09-01T23:53:00,M02,M0200096,6.566
2026-09-02T00:03:00,M02,M0200097,6.184
2026-09-02T00:13:00,M02,M0200098,6.049
2026-09-02T00:23:00,M02,M0200099,6.383
2026-09-02T00:33:00,M02,M0200100,6.624
2026-09-02T00:43:00,M02,M0200101,6.221
2026-09-02T00:53:00,M02,M0200102,6.213
2026-09-02T01:03:00,M02,M0200103,6.449
2026-09-02T01:13:00,M02,M0200104,6.335
2026-09-02T01:23:00,M02,M0200105,6.533
2026-09-02T01:33:00,M02,M0200106,6.153
2026-09-02T01:43:00,M02,M0200107,6.375
2026-09-02T01:53:00,M02,M0200108,6.523
2026-09-02T02:03:00,M02,M0200109,6.366
2026-09-02T02:13:00,M02,M0200110,6.301
2026-09-02T02:23:00,M02,M0200111,6.332
2026-09-02T02:33:00,M02,M0200112,6.263
2026-09-02T02:43:00,M02,M0200113,6.525
2026-09-02T02:53:00,M02,M0200114,6.595
2026-09-02T03:03:00,M02,M0200115,6.585
2026-09-02T03:13:00,M02,M0200116,6.408
2026-09-02T03:23:00,M02,M0200117,6.527
2026-09-02T03:33:00,M02,M0200118,6.301
2026-09-02T03:43:00,M02,M0200119,6.397
2026-09-02T03:53:00,M02,M0200120,6.383
2026-09-02T04:03:00,M02,M0200121,6.186
2026-09-02T04:13:00,M02,M0200122,6.623
2026-09-02T04:23:00,M02,M0200123,6.300
2026-09-02T04:33:00,M02,M0200124,6.317
2026-09-02T04:43:00,M02,M0200125,6.480
2026-09-02T04:53:00,M02,M0200126,6.149
2026-09-02T05:03:00,M02,M0200127,6.355
2026-09-02T05:13:00,M02,M0200128,6.112
2026-09-02T05:23:00,M02,M0200129,6.320
2026-09-02T05:33:00,M02,M0200130,6.421
2026-09-02T05:43:00,M02,M0200131,6.285
2026-09-02T05:53:00,M02,M0200132,6.253
2026-09-02T06:03:00,M02,M0200133,6.476
2026-09-02T06:13:00,M02,M0200134,6.230
2026-09-02T06:23:00,M02,M0200135,6.503
2026-09-02T06:33:00,M02,M0200136,6.329
2026-09-02T06:43:00,M02,M0200137,6.433
2026-09-02T06:53:00,M02,M0200138,6.332
2026-09-02T07:03:00,M02,M0200139,6.257
2026-09-02T07:13:00,M02,M0200140,6.718
2026-09-02T07:23:00,M02,M0200141,6.336
2026-09-02T07:33:00,M02,M0200142,6.333
2026-09-02T07:43:00,M02,M0200143,6.357
2026-09-02T07:53:00,M02,M0200144,6.639
2026-09-02T08:03:00,M02,M0200145,6.185
2026-09-02T08:13:00,M02,M0200146,6.374
2026-09-02T08:23:00,M02,M0200147,6.308
2026-09-02T08:33:00,M02,M0200148,6.031
2026-09-02T08:43:00,M02,M0200149,6.301
2026-09-02T08:53:00,M02,M0200150,6.190
2026-09-02T09:03:00,M02,M0200151,6.297
2026-09-02T09:13:00,M02,M0200152,6.280
2026-09-02T09:23:00,M02,M0200153,6.485
2026-09-02T09:33:00,M02,M0200154,6.406
2026-09-02T09:43:00,M02,M0200155,6.428
2026-09-02T09:53:00,M02,M0200156,6.342
2026-09-02T10:03:00,M02,M0200157,6.603
2026-09-02T10:13:00,M02,M0200158,6.440
2026-09-02T10:23:00,M02,M0200159,6.441
2026-09-02T10:33:00,M02,M0200160,6.259
2026-09-02T10:43:00,M02,M0200161,6.396
2026-09-02T10:53:00,M02,M0200162,6.347
2026-09-02T11:03:00,M02,M0200163,6.781
2026-09-02T11:13:00,M02,M0200164,6.312
2026-09-02T11:23:00,M02,M0200165,6.462
2026-09-02T11:33:00,M02,M0200166,6.656
2026-09-02T11:43:00,M02,M0200167,6.277
2026-09-02T11:53:00,M02,M0200168,6.745
2026-09-02T12:03:00,M02,M0200169,6.483
2026-09-02T12:13:00,M02,M0200170,6.531
2026-09-02T12:23:00,M02,M0200171,6.506
2026-09-02T12:33:00,M02,M0200172,6.220
2026-09-02T12:43:00,M02,M0200173,6.002
2026-09-02T12:53:00,M02,M0200174,6.003
2026-09-02T13:03:00,M02,M0200175,6.111
2026-09-02T13:13:00,M02,M0200176,6.134
2026-09-02T13:23:00,M02,M0200177,6.323
2026-09-02T13:33:00,M02,M0200178,6.871
2026-09-02T13:43:00,M02,M0200179,6.179
2026-09-02T13:53:00,M02,M0200180,6.465
2026-09-02T14:03:00,M02,M0200181,6.190
2026-09-02T14:13:00,M02,M0200182,6.274
2026-09-02T14:23:00,M02,M0200183,6.502
2026-09-02T14:33:00,M02,M0200184,6.487
2026-09-02T14:43:00,M02,M0200185,6.508
2026-09-02T14:53:00,M02,M0200186,6.919
2026-09-02T15:03:00,M02,M0200187,6.389
2026-09-02T15:13:00,M02,M0200188,6.448
2026-09-02T15:23:00,M02,M0200189,6.229
2026-09-02T15:33:00,M02,M0200190,6.335
2026-09-02T15:43:00,M02,M0200191,6.559
2026-09-02T15:53:00,M02,M0200192,6.394
2026-09-02T16:03:00,M02,M0200193,5.886
2026-09-02T16:13:00,M02,M0200194,5.700
2026-09-02T16:23:00,M02,M0200195,6.518
2026-09-02T16:33:00,M02,M0200196,6.230
2026-09-02T16:43:00,M02,M0200197,6.042
2026-09-02T16:53:00,M02,M0200198,6.364
2026-09-02T17:03:00,M02,M0200199,6.362
2026-09-02T17:13:00,M02,M0200200,6.145
2026-09-02T17:23:00,M02,M0200201,6.076
2026-09-02T17:33:00,M02,M0200202,6.443
2026-09-02T17:43:00,M02,M0200203,6.684
2026-09-02T17:53:00,M02,M0200204,6.608
2026-09-02T18:03:00,M02,M0200205,6.272
2026-09-02T18:13:00,M02,M0200206,6.511
2026-09-02T18:23:00,M02,M0200207,6.215
2026-09-02T18:33:00,M02,M0200208,6.539
2026-09-02T18:43:00,M02,M0200209,6.556
2026-09-02T18:53:00,M02,M0200210,6.673
2026-09-02T19:03:00,M02,M0200211,6.465
2026-09-02T19:13:00,M02,M0200212,6.284
2026-09-02T19:23:00,M02,M0200213,6.158
2026-09-02T19:33:00,M02,M0200214,6.247
2026-09-02T19:43:00,M02,M0200215,6.610
2026-09-02T19:53:00,M02,M0200216,6.282
2026-09-02T20:03:00,M02,M0200217,6.221
2026-09-02T20:13:00,M02,M0200218,6.741
2026-09-02T20:23:00,M02,M0200219,6.389
2026-09-02T20:33:00,M02,M0200220,6.391
2026-09-02T20:43:00,M02,M0200221,6.116
2026-09-02T20:53:00,M02,M0200222,6.165
2026-09-02T21:03:00,M02,M0200223,6.661
2026-09-02T21:13:00,M02,M0200224,6.498
2026-09-02T21:23:00,M02,M0200225,6.329
2026-09-02T21:33:00,M02,M0200226,6.160
2026-09-02T21:43:00,M02,M0200227,6.396
2026-09-02T21:53:00,M02,M0200228,6.568
2026-09-02T22:03:00,M02,M0200229,6.186
2026-09-02T22:13:00,M02,M0200230,6.522
2026-09-02T22:23:00,M02,M0200231,6.614
2026-09-02T22:33:00,M02,M0200232,6.614
2026-09-02T22:43:00,M02,M0200233,6.523
2026-09-02T22:53:00,M02,M0200234,5.998
2026-09-02T23:03:00,M02,M0200235,6.596
2026-09-02T23:13:00,M02,M0200236,6.386
2026-09-02T23:23:00,M02,M0200237,6.325
2026-09-02T23:33:00,M02,M0200238,6.181
2026-09-02T23:43:00,M02,M0200239,6.702
2026-09-02T23:53:00,M02,M0200240,6.167
2026-09-03T00:03:00,M02,M0200241,6.013
2026-09-03T00:13:00,M02,M0200242,6.081
2026-09-03T00:23:00,M02,M0200243,6.253
2026-09-03T00:33:00,M02,M0200244,6.473
2026-09-03T00:43:00,M02,M0200245,6.351
2026-09-03T00:53:00,M02,M0200246,6.306
2026-09-03T01:03:00,M02,M0200247,6.425
2026-09-03T01:13:00,M02,M0200248,6.136
2026-09-03T01:23:00,M02,M0200249,6.305
2026-09-03T01:33:00,M02,M0200250,6.588
2026-09-03T01:43:00,M02,M0200251,6.368
2026-09-03T01:53:00,M02,M0200252,6.541
2026-09-03T02:03:00,M02,M0200253,6.254
2026-09-03T02:13:00,M02,M0200254,6.303
2026-09-03T02:23:00,M02,M0200255,6.921
2026-09-03T02:33:00,M02,M0200256,6.140
2026-09-03T02:43:00,M02,M0200257,5.904
2026-09-03T02:53:00,M02,M0200258,6.509
2026-09-03T03:03:00,M02,M0200259,6.469
2026-09-03T03:13:00,M02,M0200260,6.370
2026-09-03T03:23:00,M02,M0200261,6.701
2026-09-03T03:33:00,M02,M0200262,6.442
2026-09-03T03:43:00,M02,M0200263,6.516
2026-09-03T03:53:00,M02,M0200264,6.441
2026-09-03T04:03:00,M02,M0200265,6.194
2026-09-03T04:13:00,M02,M0200266,6.553
2026-09-03T04:23:00,M02,M0200267,6.544
2026-09-03T04:33:00,M02,M0200268,6.346
2026-09-03T04:43:00,M02,M0200269,6.543
2026-09-03T04:53:00,M02,M0200270,7.041
2026-09-03T05:03:00,M02,M0200271,6.588
2026-09-03T05:13:00,M02,M0200272,6.514
2026-09-03T05:23:00,M02,M0200273,6.434
2026-09-03T05:33:00,M02,M0200274,6.139
2026-09-03T05:43:00,M02,M0200275,6.440
2026-09-03T05:53:00,M02,M0200276,6.423
2026-09-03T06:03:00,M02,M0200277,6.401
2026-09-03T06:13:00,M02,M0200278,6.530
2026-09-03T06:23:00,M02,M0200279,6.519
2026-09-03T06:33:00,M02,M0200280,6.139
2026-09-03T06:43:00,M02,M0200281,6.267
2026-09-03T06:53:00,M02,M0200282,6.329
2026-09-03T07:03:00,M02,M0200283,6.157
2026-09-03T07:13:00,M02,M0200284,6.267
2026-09-03T07:23:00,M02,M0200285,6.681
2026-09-03T07:33:00,M02,M0200286,6.151
2026-09-03T07:43:00,M02,M0200287,6.463
2026-09-03T07:53:00,M02,M0200288,6.310
2026-09-03T08:03:00,M02,M0200289,6.037
2026-09-03T08:13:00,M02,M0200290,6.327
2026-09-03T08:23:00,M02,M0200291,6.512
2026-09-03T08:33:00,M02,M0200292,6.488
2026-09-03T08:43:00,M02,M0200293,6.372
2026-09-03T08:53:00,M02,M0200294,6.560
2026-09-03T09:03:00,M02,M0200295,6.466
2026-09-03T09:13:00,M02,M0200296,6.728
2026-09-03T09:23:00,M02,M0200297,6.392
2026-09-03T09:33:00,M02,M0200298,6.143
2026-09-03T09:43:00,M02,M0200299,6.600
2026-09-03T09:53:00,M02,M0200300,6.142
2026-09-03T10:03:00,M02,M0200301,6.278
2026-09-03T10:13:00,M02,M0200302,6.547
2026-09-03T10:23:00,M02,M0200303,6.324
2026-09-03T10:33:00,M02,M0200304,6.637
2026-09-03T10:43:00,M02,M0200305,6.319
2026-09-03T10:53:00,M02,M0200306,6.929
2026-09-03T11:03:00,M02,M0200307,6.407
2026-09-03T11:13:00,M02,M0200308,6.293
2026-09-03T11:23:00,M02,M0200309,6.331
2026-09-03T11:33:00,M02,M0200310,6.450
2026-09-03T11:43:00,M02,M0200311,6.414
2026-09-03T11:53:00,M02,M0200312,6.384
2026-09-03T12:03:00,M02,M0200313,6.573
2026-09-03T12:13:00,M02,M0200314,6.493
2026-09-03T12:23:00,M02,M0200315,6.429
2026-09-03T12:33:00,M02,M0200316,6.405
2026-09-03T12:43:00,M02,M0200317,6.417
2026-09-03T12:53:00,M02,M0200318,6.363
2026-09-03T13:03:00,M02,M0200319,6.174
2026-09-03T13:13:00,M02,M0200320,6.413
2026-09-03T13:23:00,M02,M0200321,6.513
2026-09-03T13:33:00,M02,M0200322,6.742
2026-09-03T13:43:00,M02,M0200323,6.305
2026-09-03T13:53:00,M02,M0200324,6.391
2026-09-03T14:03:00,M02,M0200325,6.314
2026-09-03T14:13:00,M02,M0200326,6.652
2026-09-03T14:23:00,M02,M0200327,6.345
2026-09-03T14:33:00,M02,M0200328,6.443
2026-09-03T14:43:00,M02,M0200329,6.421
2026-09-03T14:53:00,M02,M0200330,6.277
2026-09-03T15:03:00,M02,M0200331,6.313
2026-09-03T15:13:00,M02,M0200332,6.222
2026-09-03T15:23:00,M02,M0200333,6.307
2026-09-03T15:33:00,M02,M0200334,6.854
2026-09-03T15:43:00,M02,M0200335,6.763
2026-09-03T15:53:00,M02,M0200336,6.520
2026-09-03T16:03:00,M02,M0200337,6.020
2026-09-03T16:13:00,M02,M0200338,6.311
2026-09-03T16:23:00,M02,M0200339,6.246
2026-09-03T16:33:00,M02,M0200340,6.350
2026-09-03T16:43:00,M02,M0200341,6.197
2026-09-03T16:53:00,M02,M0200342,6.282
2026-09-03T17:03:00,M02,M0200343,6.007
2026-09-03T17:13:00,M02,M0200344,6.359
2026-09-03T17:23:00,M02,M0200345,6.236
2026-09-03T17:33:00,M02,M0200346,6.343
2026-09-03T17:43:00,M02,M0200347,6.314
2026-09-03T17:53:00,M02,M0200348,6.140
2026-09-03T18:03:00,M02,M0200349,6.319
2026-09-03T18:13:00,M02,M0200350,6.432
2026-09-03T18:23:00,M02,M0200351,6.286
2026-09-03T18:33:00,M02,M0200352,5.968
2026-09-03T18:43:00,M02,M0200353,6.122
2026-09-03T18:53:00,M02,M0200354,6.160
2026-09-03T19:03:00,M02,M0200355,6.335
2026-09-03T19:13:00,M02,M0200356,6.479
2026-09-03T19:23:00,M02,M0200357,6.591
2026-09-03T19:33:00,M02,M0200358,6.070
2026-09-03T19:43:00,M02,M0200359,6.414
2026-09-03T19:53:00,M02,M0200360,6.625
2026-09-03T20:03:00,M02,M0200361,6.401
2026-09-03T20:13:00,M02,M0200362,6.700
2026-09-03T20:23:00,M02,M0200363,6.320
2026-09-03T20:33:00,M02,M0200364,6.325
2026-09-03T20:43:00,M02,M0200365,5.919
2026-09-03T20:53:00,M02,M0200366,6.153
2026-09-03T21:03:00,M02,M0200367,6.571
2026-09-03T21:13:00,M02,M0200368,6.316
2026-09-03T21:23:00,M02,M0200369,6.605
2026-09-03T21:33:00,M02,M0200370,6.475
2026-09-03T21:43:00,M02,M0200371,6.311
2026-09-03T21:53:00,M02,M0200372,6.531
2026-09-03T22:03:00,M02,M0200373,6.326
2026-09-03T22:13:00,M02,M0200374,6.402
2026-09-03T22:23:00,M02,M0200375,6.918
2026-09-03T22:33:00,M02,M0200376,6.200
2026-09-03T22:43:00,M02,M0200377,6.331
2026-09-03T22:53:00,M02,M0200378,6.586
2026-09-03T23:03:00,M02,M0200379,6.505
2026-09-03T23:13:00,M02,M0200380,6.131
2026-09-03T23:23:00,M02,M0200381,6.406
2026-09-03T23:33:00,M02,M0200382,6.347
2026-09-03T23:43:00,M02,M0200383,6.747
2026-09-03T23:53:00,M02,M0200384,6.506
2026-09-04T00:03:00,M02,M0200385,6.174
2026-09-04T00:13:00,M02,M0200386,6.032
2026-09-04T00:23:00,M02,M0200387,6.214
2026-09-04T00:33:00,M02,M0200388,6.208
2026-09-04T00:43:00,M02,M0200389,6.479
2026-09-04T00:53:00,M02,M0200390,6.744
2026-09-04T01:03:00,M02,M0200391,6.361
2026-09-04T01:13:00,M02,M0200392,6.302
2026-09-04T01:23:00,M02,M0200393,6.511
2026-09-04T01:33:00,M02,M0200394,6.429
2026-09-04T01:43:00,M02,M0200395,6.663
2026-09-04T01:53:00,M02,M0200396,6.619
2026-09-04T02:03:00,M02,M0200397,6.644
2026-09-04T02:13:00,M02,M0200398,6.518
2026-09-04T02:23:00,M02,M0200399,6.407
2026-09-04T02:33:00,M02,M0200400,6.319
2026-09-04T02:43:00,M02,M0200401,6.436
2026-09-04T02:53:00,M02,M0200402,6.354
2026-09-04T03:03:00,M02,M0200403,6.238
2026-09-04T03:13:00,M02,M0200404,6.679
2026-09-04T03:23:00,M02,M0200405,6.360
2026-09-04T03:33:00,M02,M0200406,6.237
2026-09-04T03:43:00,M02,M0200407,6.388
2026-09-04T03:53:00,M02,M0200408,6.359
2026-09-04T04:03:00,M02,M0200409,6.374
2026-09-04T04:13:00,M02,M0200410,6.208
2026-09-04T04:23:00,M02,M0200411,6.322
2026-09-04T04:33:00,M02,M0200412,6.262
2026-09-04T04:43:00,M02,M0200413,6.658
2026-09-04T04:53:00,M02,M0200414,6.149
2026-09-04T05:03:00,M02,M0200415,6.421
2026-09-04T05:13:00,M02,M0200416,6.435
2026-09-04T05:23:00,M02,M0200417,6.141
2026-09-04T05:33:00,M02,M0200418,6.789
2026-09-04T05:43:00,M02,M0200419,6.333
2026-09-04T05:53:00,M02,M0200420,6.589
2026-09-04T06:03:00,M02,M0200421,6.380
2026-09-04T06:13:00,M02,M0200422,6.168
2026-09-04T06:23:00,M02,M0200423,6.021
2026-09-04T06:33:00,M02,M0200424,6.159
2026-09-04T06:43:00,M02,M0200425,6.420
2026-09-04T06:53:00,M02,M0200426,6.373
2026-09-04T07:03:00,M02,M0200427,6.354
2026-09-04T07:13:00,M02,M0200428,6.566
2026-09-04T07:23:00,M02,M0200429,6.177
2026-09-04T07:33:00,M02,M0200430,6.373
2026-09-04T07:43:00,M02,M0200431,6.369
2026-09-04T07:53:00,M02,M0200432,6.008
2026-09-04T08:03:00,M02,M0200433,5.988
2026-09-04T08:13:00,M02,M0200434,6.345
2026-09-04T08:23:00,M02,M0200435,6.085
2026-09-04T08:33:00,M02,M0200436,6.429
2026-09-04T08:43:00,M02,M0200437,6.322
2026-09-04T08:53:00,M02,M0200438,6.484
2026-09-04T09:03:00,M02,M0200439,6.301
2026-09-04T09:13:00,M02,M0200440,6.217
2026-09-04T09:23:00,M02,M0200441,6.473
2026-09-04T09:33:00,M02,M0200442,6.469
2026-09-04T09:43:00,M02,M0200443,6.217
2026-09-04T09:53:00,M02,M0200444,6.389
2026-09-04T10:03:00,M02,M0200445,6.154
2026-09-04T10:13:00,M02,M0200446,6.608
2026-09-04T10:23:00,M02,M0200447,6.470
2026-09-04T10:33:00,M02,M0200448,6.422
2026-09-04T10:43:00,M02,M0200449,6.249
2026-09-04T10:53:00,M02,M0200450,6.510
2026-09-04T11:03:00,M02,M0200451,6.336
2026-09-04T11:13:00,M02,M0200452,6.544
2026-09-04T11:23:00,M02,M0200453,6.360
2026-09-04T11:33:00,M02,M0200454,6.032
2026-09-04T11:43:00,M02,M0200455,6.395
2026-09-04T11:53:00,M02,M0200456,6.579
2026-09-04T12:03:00,M02,M0200457,6.261
2026-09-04T12:13:00,M02,M0200458,6.837
2026-09-04T12:23:00,M02,M0200459,6.542
2026-09-04T12:33:00,M02,M0200460,6.609
2026-09-04T12:43:00,M02,M0200461,6.317
2026-09-04T12:53:00,M02,M0200462,6.630
2026-09-04T13:03:00,M02,M0200463,6.219
2026-09-04T13:13:00,M02,M0200464,6.274
2026-09-04T13:23:00,M02,M0200465,6.161
2026-09-04T13:33:00,M02,M0200466,6.422
2026-09-04T13:43:00,M02,M0200467,6.314
2026-09-04T13:53:00,M02,M0200468,6.490
2026-09-04T14:03:00,M02,M0200469,6.674
2026-09-04T14:13:00,M02,M0200470,6.645
2026-09-04T14:23:00,M02,M0200471,6.279
2026-09-04T14:33:00,M02,M0200472,6.318
2026-09-04T14:43:00,M02,M0200473,6.656
2026-09-04T14:53:00,M02,M0200474,6.598
2026-09-04T15:03:00,M02,M0200475,6.314
2026-09-04T15:13:00,M02,M0200476,6.610
2026-09-04T15:23:00,M02,M0200477,6.220
2026-09-04T15:33:00,M02,M0200478,6.133
2026-09-04T15:43:00,M02,M0200479,6.467
2026-09-04T15:53:00,M02,M0200480,5.975
2026-09-04T16:03:00,M02,M0200481,5.930
2026-09-04T16:13:00,M02,M0200482,6.458
2026-09-04T16:23:00,M02,M0200483,6.279
2026-09-04T16:33:00,M02,M0200484,6.065
2026-09-04T16:43:00,M02,M0200485,6.462
2026-09-04T16:53:00,M02,M0200486,6.407
2026-09-04T17:03:00,M02,M0200487,6.276
2026-09-04T17:13:00,M02,M0200488,6.156
2026-09-04T17:23:00,M02,M0200489,6.340
2026-09-04T17:33:00,M02,M0200490,6.501
2026-09-04T17:43:00,M02,M0200491,6.315
2026-09-04T17:53:00,M02,M0200492,6.382
2026-09-04T18:03:00,M02,M0200493,6.498
2026-09-04T18:13:00,M02,M0200494,6.549
2026-09-04T18:23:00,M02,M0200495,6.826
2026-09-04T18:33:00,M02,M0200496,6.413
2026-09-04T18:43:00,M02,M0200497,6.343
2026-09-04T18:53:00,M02,M0200498,6.149
2026-09-04T19:03:00,M02,M0200499,6.892
2026-09-04T19:13:00,M02,M0200500,6.437
2026-09-04T19:23:00,M02,M0200501,6.641
2026-09-04T19:33:00,M02,M0200502,6.354
2026-09-04T19:43:00,M02,M0200503,6.647
2026-09-04T19:53:00,M02,M0200504,6.363
2026-09-04T20:03:00,M02,M0200505,6.681
2026-09-04T20:13:00,M02,M0200506,6.290
2026-09-04T20:23:00,M02,M0200507,6.569
2026-09-04T20:33:00,M02,M0200508,6.335
2026-09-04T20:43:00,M02,M0200509,6.506
2026-09-04T20:53:00,M02,M0200510,6.173
2026-09-04T21:03:00,M02,M0200511,6.481
2026-09-04T21:13:00,M02,M0200512,6.403
2026-09-04T21:23:00,M02,M0200513,6.674
2026-09-04T21:33:00,M02,M0200514,6.345
2026-09-04T21:43:00,M02,M0200515,6.412
2026-09-04T21:53:00,M02,M0200516,6.786
2026-09-04T22:03:00,M02,M0200517,6.414
2026-09-04T22:13:00,M02,M0200518,6.432
2026-09-04T22:23:00,M02,M0200519,6.252
2026-09-04T22:33:00,M02,M0200520,6.609
2026-09-04T22:43:00,M02,M0200521,6.517
2026-09-04T22:53:00,M02,M0200522,6.396
2026-09-04T23:03:00,M02,M0200523,6.409
2026-09-04T23:13:00,M02,M0200524,6.401
2026-09-04T23:23:00,M02,M0200525,6.146
2026-09-04T23:33:00,M02,M0200526,6.333
2026-09-04T23:43:00,M02,M0200527,6.457
2026-09-04T23:53:00,M02,M0200528,6.381
2026-09-05T00:03:00,M02,M0200529,5.804
2026-09-05T00:13:00,M02,M0200530,6.006
2026-09-05T00:23:00,M02,M0200531,6.115
2026-09-05T00:33:00,M02,M0200532,6.323
2026-09-05T00:43:00,M02,M0200533,6.161
2026-09-05T00:53:00,M02,M0200534,6.153
2026-09-05T01:03:00,M02,M0200535,6.276
2026-09-05T01:13:00,M02,M0200536,6.125
2026-09-05T01:23:00,M02,M0200537,6.295
2026-09-05T01:33:00,M02,M0200538,6.443
2026-09-05T01:43:00,M02,M0200539,6.480
2026-09-05T01:53:00,M02,M0200540,6.499
2026-09-05T02:03:00,M02,M0200541,6.724
2026-09-05T02:13:00,M02,M0200542,6.860
2026-09-05T02:23:00,M02,M0200543,6.314
2026-09-05T02:33:00,M02,M0200544,6.429
2026-09-05T02:43:00,M02,M0200545,6.519
2026-09-05T02:53:00,M02,M0200546,6.574
2026-09-05T03:03:00,M02,M0200547,6.115
2026-09-05T03:13:00,M02,M0200548,6.409
2026-09-05T03:23:00,M02,M0200549,6.548
2026-09-05T03:33:00,M02,M0200550,6.406
2026-09-05T03:43:00,M02,M0200551,6.681
2026-09-05T03:53:00,M02,M0200552,6.298
2026-09-05T04:03:00,M02,M0200553,6.379
2026-09-05T04:13:00,M02,M0200554,6.534
2026-09-05T04:23:00,M02,M0200555,6.404
2026-09-05T04:33:00,M02,M0200556,6.473
2026-09-05T04:43:00,M02,M0200557,6.628
2026-09-05T04:53:00,M02,M0200558,6.373
2026-09-05T05:03:00,M02,M0200559,6.744
2026-09-05T05:13:00,M02,M0200560,6.010
2026-09-05T05:23:00,M02,M0200561,6.758
2026-09-05T05:33:00,M02,M0200562,6.315
2026-09-05T05:43:00,M02,M0200563,6.186
2026-09-05T05:53:00,M02,M0200564,6.487
2026-09-05T06:03:00,M02,M0200565,6.473
2026-09-05T06:13:00,M02,M0200566,6.427
2026-09-05T06:23:00,M02,M0200567,6.579
2026-09-05T06:33:00,M02,M0200568,6.334
2026-09-05T06:43:00,M02,M0200569,6.539
2026-09-05T06:53:00,M02,M0200570,6.289
2026-09-05T07:03:00,M02,M0200571,6.529
2026-09-05T07:13:00,M02,M0200572,6.337
2026-09-05T07:23:00,M02,M0200573,6.642
2026-09-05T07:33:00,M02,M0200574,6.498
2026-09-05T07:43:00,M02,M0200575,6.347
2026-09-05T07:53:00,M02,M0200576,6.337
2026-09-05T08:03:00,M02,M0200577,5.862
2026-09-05T08:13:00,M02,M0200578,6.224
2026-09-05T08:23:00,M02,M0200579,6.123
2026-09-05T08:33:00,M02,M0200580,6.262
2026-09-05T08:43:00,M02,M0200581,6.257
2026-09-05T08:53:00,M02,M0200582,6.059
2026-09-05T09:03:00,M02,M0200583,6.278
2026-09-05T09:13:00,M02,M0200584,6.629
2026-09-05T09:23:00,M02,M0200585,6.315
2026-09-05T09:33:00,M02,M0200586,6.520
2026-09-05T09:43:00,M02,M0200587,6.450
2026-09-05T09:53:00,M02,M0200588,6.442
2026-09-05T10:03:00,M02,M0200589,6.631
2026-09-05T10:13:00,M02,M0200590,6.598
2026-09-05T10:23:00,M02,M0200591,6.444
2026-09-05T10:33:00,M02,M0200592,6.197
2026-09-05T10:43:00,M02,M0200593,6.449
2026-09-05T10:53:00,M02,M0200594,6.300
2026-09-05T11:03:00,M02,M0200595,6.317
2026-09-05T11:13:00,M02,M0200596,6.327
2026-09-05T11:23:00,M02,M0200597,6.203
2026-09-05T11:33:00,M02,M0200598,6.597
2026-09-05T11:43:00,M02,M0200599,6.283
2026-09-05T11:53:00,M02,M0200600,6.374
2026-09-05T12:03:00,M02,M0200601,6.410
2026-09-05T12:13:00,M02,M0200602,6.132
2026-09-05T12:23:00,M02,M0200603,6.483
2026-09-05T12:33:00,M02,M0200604,6.318
2026-09-05T12:43:00,M02,M0200605,6.362
2026-09-05T12:53:00,M02,M0200606,6.315
2026-09-05T13:03:00,M02,M0200607,6.324
2026-09-05T13:13:00,M02,M0200608,6.289
2026-09-05T13:23:00,M02,M0200609,6.183
2026-09-05T13:33:00,M02,M0200610,6.454
2026-09-05T13:43:00,M02,M0200611,6.322
2026-09-05T13:53:00,M02,M0200612,6.406
2026-09-05T14:03:00,M02,M0200613,6.329
2026-09-05T14:13:00,M02,M0200614,6.696
2026-09-05T14:23:00,M02,M0200615,6.276
2026-09-05T14:33:00,M02,M0200616,6.500
2026-09-05T14:43:00,M02,M0200617,6.697
2026-09-05T14:53:00,M02,M0200618,6.339
2026-09-05T15:03:00,M02,M0200619,6.356
2026-09-05T15:13:00,M02,M0200620,6.229
2026-09-05T15:23:00,M02,M0200621,6.298
2026-09-05T15:33:00,M02,M0200622,6.445
2026-09-05T15:43:00,M02,M0200623,6.449
2026-09-05T15:53:00,M02,M0200624,6.227
2026-09-05T16:03:00,M02,M0200625,6.073
2026-09-05T16:13:00,M02,M0200626,6.057
2026-09-05T16:23:00,M02,M0200627,6.135
2026-09-05T16:33:00,M02,M0200628,6.111
2026-09-05T16:43:00,M02,M0200629,6.581
2026-09-05T16:53:00,M02,M0200630,6.276
2026-09-05T17:03:00,M02,M0200631,6.329
2026-09-05T17:13:00,M02,M0200632,6.227
2026-09-05T17:23:00,M02,M0200633,6.102
2026-09-05T17:33:00,M02,M0200634,6.377
2026-09-05T17:43:00,M02,M0200635,6.597
2026-09-05T17:53:00,M02,M0200636,6.283
2026-09-05T18:03:00,M02,M0200637,6.281
2026-09-05T18:13:00,M02,M0200638,6.573
2026-09-05T18:23:00,M02,M0200639,6.440
2026-09-05T18:33:00,M02,M0200640,6.209
2026-09-05T18:43:00,M02,M0200641,6.276
2026-09-05T18:53:00,M02,M0200642,6.506
2026-09-05T19:03:00,M02,M0200643,6.363
2026-09-05T19:13:00,M02,M0200644,6.441
2026-09-05T19:23:00,M02,M0200645,5.963
2026-09-05T19:33:00,M02,M0200646,6.286
2026-09-05T19:43:00,M02,M0200647,6.568
2026-09-05T19:53:00,M02,M0200648,6.411
2026-09-05T20:03:00,M02,M0200649,6.562
2026-09-05T20:13:00,M02,M0200650,6.321
2026-09-05T20:23:00,M02,M0200651,6.177
2026-09-05T20:33:00,M02,M0200652,6.729
2026-09-05T20:43:00,M02,M0200653,6.698
2026-09-05T20:53:00,M02,M0200654,6.343
2026-09-05T21:03:00,M02,M0200655,6.685
2026-09-05T21:13:00,M02,M0200656,6.110
2026-09-05T21:23:00,M02,M0200657,6.388
2026-09-05T21:33:00,M02,M0200658,6.235
2026-09-05T21:43:00,M02,M0200659,6.358
2026-09-05T21:53:00,M02,M0200660,6.513
2026-09-05T22:03:00,M02,M0200661,6.140
2026-09-05T22:13:00,M02,M0200662,6.568
2026-09-05T22:23:00,M02,M0200663,6.318
2026-09-05T22:33:00,M02,M0200664,6.534
2026-09-05T22:43:00,M02,M0200665,6.430
2026-09-05T22:53:00,M02,M0200666,6.502
2026-09-05T23:03:00,M02,M0200667,6.332
2026-09-05T23:13:00,M02,M0200668,6.270
2026-09-05T23:23:00,M02,M0200669,6.805
2026-09-05T23:33:00,M02,M0200670,6.395
2026-09-05T23:43:00,M02,M0200671,6.543
2026-09-05T23:53:00,M02,M0200672,6.262
2026-09-06T00:03:00,M02,M0200673,6.106
2026-09-06T00:13:00,M02,M0200674,6.008
2026-09-06T00:23:00,M02,M0200675,6.400
2026-09-06T00:33:00,M02,M0200676,6.472
2026-09-06T00:43:00,M02,M0200677,6.259
2026-09-06T00:53:00,M02,M0200678,5.988
2026-09-06T01:03:00,M02,M0200679,6.407
2026-09-06T01:13:00,M02,M0200680,6.509
2026-09-06T01:23:00,M02,M0200681,6.166
2026-09-06T01:33:00,M02,M0200682,6.564
2026-09-06T01:43:00,M02,M0200683,6.764
2026-09-06T01:53:00,M02,M0200684,6.604
2026-09-06T02:03:00,M02,M0200685,6.223
2026-09-06T02:13:00,M02,M0200686,6.671
2026-09-06T02:23:00,M02,M0200687,6.205
2026-09-06T02:33:00,M02,M0200688,6.608
2026-09-06T02:43:00,M02,M0200689,6.502
2026-09-06T02:53:00,M02,M0200690,6.089
2026-09-06T03:03:00,M02,M0200691,6.165
2026-09-06T03:13:00,M02,M0200692,6.808
2026-09-06T03:23:00,M02,M0200693,6.298
2026-09-06T03:33:00,M02,M0200694,6.472
2026-09-06T03:43:00,M02,M0200695,6.263
2026-09-06T03:53:00,M02,M0200696,6.286
2026-09-06T04:03:00,M02,M0200697,6.230
2026-09-06T04:13:00,M02,M0200698,6.299
2026-09-06T04:23:00,M02,M0200699,6.631
2026-09-06T04:33:00,M02,M0200700,6.579
2026-09-06T04:43:00,M02,M0200701,6.601
2026-09-06T04:53:00,M02,M0200702,6.064
2026-09-06T05:03:00,M02,M0200703,6.605
2026-09-06T05:13:00,M02,M0200704,6.609
2026-09-06T05:23:00,M02,M0200705,6.372
2026-09-06T05:33:00,M02,M0200706,6.233
2026-09-06T05:43:00,M02,M0200707,6.157
2026-09-06T05:53:00,M02,M0200708,6.601
2026-09-06T06:03:00,M02,M0200709,6.198
2026-09-06T06:13:00,M02,M0200710,6.475
2026-09-06T06:23:00,M02,M0200711,6.299
2026-09-06T06:33:00,M02,M0200712,6.120
2026-09-06T06:43:00,M02,M0200713,6.305
2026-09-06T06:53:00,M02,M0200714,6.540
2026-09-06T07:03:00,M02,M0200715,6.359
2026-09-06T07:13:00,M02,M0200716,6.602
2026-09-06T07:23:00,M02,M0200717,6.350
2026-09-06T07:33:00,M02,M0200718,6.174
2026-09-06T07:43:00,M02,M0200719,6.336
2026-09-06T07:53:00,M02,M0200720,6.473
